<?xml version="1.0" encoding="UTF-8"?>
<?xml-model href="ecom.xsd" type="application/xml" schematypens="http://www.w3.org/2001/XMLSchema"?>
<e_commerce>
    <product>
        <company_name>Perfumes</company_name>
        <items>
            <item_name>GUCCHI</item_name>
            <item_name>ARMANI </item_name>
            <item_name>TITAN</item_name>
            <item_name>LOMANI</item_name>
            <item_name>BURBURY</item_name>

        </items>
    </product>
    <product>
        <company_name>Dresses</company_name>
        <items>
            <item_name>Jockey</item_name>
            <item_name>Peter England</item_name>
            <item_name>Monte carlo</item_name>
            <item_name>Allen Solly</item_name>
        </items>
    </product>
</e_commerce>
